Name,Label
Kevin Durant,5
Joel Embiid,5
Nikola Jokic,5
Russell Westbrook,5
James Harden,5
Derrick Rose,5
Luka Doncic,5
Stephen Curry,5
Jayson Tatum,5
Kawhi Leonard,5
Giannis Antetokounmpo,5
Chris Paul,5
Dwyane Wade,5
Anthony Davis,5
Devin Booker,5
Shai Gilgeous-Alexander,5
De'aaron Fox,5
Damian Lillard,5
Paul George,5
Jimmy Butler,5
Donovan Mitchell,5
Kyrie Irving,5
Kevin Love,5
Carmelo Anthony,5
John Wall,5
Lamarcus Aldridge,5
Victor Oladipo,5
Anthony Edwards,5
Ja Morant,5
Rudy Gobert,5
Darius Garland,4
Pascal Siakam,4
Rajon Rondo,4
Joe Johnson,4
Karl Anthony-Towns,4
Demar Derozan,4
Kyle Lowry,4
Domantas Sabonis,4
Lauri Markkanen,4
Klay Thompson,4
Draymond Green,4
Bradley Beal,4
Jalen Brunson,4
Trae Young,4
Khris Middleton,4
Jaylen Brown,4
Jamal Murray,4
Bam Adebayo,4
Ben Simmons,4
Brandon Ingram,4
Kemba Walker,4
Cj McCollum,4
Gordon Hayward,4
Zach Lavine,4
Jaren Jackson Jr.,4
DeAndre Jordan,4
Joakim Noah,4
Mikal Bridges,4
Jrue Holiday,4
Andre Iguodala,4
Nic Claxton,3
Aaron Gordon,3
Fred VanVleet,3
Derrick White,3
Austin Reaves,3
Myles Turner,3
Jarrett Allen,3
Marcus Smart,3
Kyle Kuzma,3
Cameron Johnson,3
Jeff Teague,3
Harrison Barnes,3
Eric Bledsoe,3
J.J. Redick,3
D'Angelo Russell,3
Jerami Grant,3
Deandre Ayton,3
Tobias Harris,3
OG Anunoby,3
Herb Jones,3
Spencer Dinwiddie,3
R.J. Barrett,3
Danny Green,3
Tyler Herro,3
Brook Lopez,3
Malcolm Brogdon,3
Andrew Wiggins,3
Steven Adams,3
P.J. Tucker,3
Jordan Poole,3
Bobby Portis,2
Malik Monk,2
De'Anthony Melton,2
T.J. McConnell,2
Robert Covington,2
Quentin Grimes,2
Tyus Jones,2
Jusuf Nurkic,2
Kevin Huerter,2
Grayson Allen,2
Kyle Anderson,2
Dillon Brooks,2
Alec Burks,2
Wendell Carter,2
Pat Connaughton,2
Jae Crowder,2
Donte DiVincenzo,2
Dorian Finney-Smith,2
Gary Harris,2
Josh Hart,2
Terrance Mann,2
Marcus Morris,2
Kelly Olynyk,2
Cameron Payne,2
Gary Payton II,2
Dwight Powell,2
Taurean Prince,2
Duncan Robinson,2
Tristan Thompson,2
Max Strus,2
Jordan Nwora,1
Torrey Craig,1
Devonte Graham,1
Ish Smith,1
Josh Green,1
Jaxson Hayes,1
Aaron Holiday,1
Justin Holiday,1
Ty Jerome,1
Derrick Jones Jr.,1
Luke Kornet,1
Nassir Little,1
Trey Lyles,1
Mike Muscala,1
Georges Niang,1
Andre Drummond,1
Ayo Dosunmu,1
Zeke Nnaji,1
Dennis Smith Jr.,1
Damian Jones,1
Jalen McDaniels,1
Trendon Watford,1
Bruno Fernando,1
Amir Coffey,1
Charles Bassey,1
Danuel House Jr.,1
Troy Brown Jr.,1
Landry Shamet,1
Kessler Edwards,1
Cody Zeller,1
Saben Lee,0
Reggie Perry,0
Nico Mannion,0
Tyler Bey,0
Vernon Carey,0
Romeo Langford,0
Eric Paschall,0
Ignas Brazdeikis,0
Carsen Edwards,0
Jaylen Hands,0
Jerome Robinson,0
Chandler Hutchinson,0
Omari Spellman,0
Khyri Thomas,0
Melvin Frazier,0
Kai Jones,0
Sharife Cooper,0
Jason Preston,0
Josh Christopher,0
Josh Jackson,0
Justin Patton,0
Tyler Lydon,0
Davon Reed,0
Frank Mason III,0
Dwayne Bacon,0
Ike Anigbogu,0
Ivan Rabb,0
Sindarius Thornwell,0
Jawun Evans,0
